<?xml version="1.0"?>
<module name="devb-mmcsd">
  <classification>Driver</classification>
  <description>
    <short>MMC/SD Driver</short>
    <abstract><![CDATA[
	Driver for MMC/SD cards
	]]></abstract>
  </description>
  <supports>
    <availability>
      <cpu isa="arm">
        <byteOrder>le</byteOrder>
      </cpu>
      <cpu isa="x86"/>
    </availability>
  </supports>
  <contents>
    <component id="mmcsd" generated="true">
      <location basedir="arm/le">devb-mmcsd</location>
      <location basedir="x86/o">devb-mmcsd</location>
    </component>
    <component id="mmcsd" generated="true">
      <location basedir="arm/jacinto.le">devb-mmcsd-jacinto</location>
    </component>
    <component id="mmcsd" generated="true">
      <location basedir="arm/dm355.le">devb-mmcsd-dm355</location>
    </component>
  </contents>
  <requires>
    <part build="true" location="lib/drvr"/>
    <part build="false" location="hardware/devb"/>
  </requires>
</module>
