<?xml version="1.0"?>
<module name="deva-ctrl-dra44x_jamr">
  <classification>Driver</classification>
  <description>
    <short>Audio Driver for the McASP interface of the Texas Instruments JAMR</short>
    <abstract><![CDATA[
			The deva-ctrl-dra44x shared object is responsible for configuring and operating the McASP interface of the Texas Instruments JAMR under the direct control of the QNX Sound Architecture (io-audio).
	        ]]></abstract>
  </description>
  <supports>
    <availability>
      <cpu isa="arm">
        <byteOrder>le</byteOrder>
      </cpu>
    </availability>
  </supports>
  <contents>
    <component id="dra44x_jamr" generated="true">
      <location basedir="nto/arm/dll.le">deva-ctrl-dra44x_jamr.so</location>
    </component>
  </contents>
  <requires>
    <part build="false" location="lib/asound"/>
    <part rootMacro="AUDIO_ROOT" build="false" location="services/audio"/>
  </requires>
</module>
